year,happiness_score
2014,7.976485507246378
2015,8.098985507246377
2016,8.100652173913044
2017,8.131159420289855
2018,8.225217391304348
2019,7.948007246376812
2020,8.000652173913043
2021,7.9314492753623185
2022,8.024021739130434
2023,8.16518115942029
